{
  "id": "5093508",
  "name": "ele-system",
  "font_family": "iconfont",
  "css_prefix_text": "icon-",
  "description": "",
  "glyphs": [
    {
      "icon_id": "879181",
      "name": "weixin",
      "font_class": "weixin",
      "unicode": "e66a",
      "unicode_decimal": 58986
    },
    {
      "icon_id": "4936984",
      "name": "QQ",
      "font_class": "QQ",
      "unicode": "e882",
      "unicode_decimal": 59522
    },
    {
      "icon_id": "13743932",
      "name": "gitee-fill-round",
      "font_class": "gitee-fill-round",
      "unicode": "e686",
      "unicode_decimal": 59014
    }
  ]
}
